,TC Index,TC Variables,TC Value
2,"(0, 0)","('x_1', 'x_1')",0.08768104761838913
5,"(0, 0, 0)","('x_1', 'x_1', 'x_1')",-0.07722922414541245
4,"(1, 1)","('x_2', 'x_2')",0.07040020823478699
7,"(0, 1, 1)","('x_1', 'x_2', 'x_2')",-0.06282885372638702
6,"(0, 0, 1)","('x_1', 'x_1', 'x_2')",0.0384683795273304
1,"(1,)","('x_2',)",0.025210998952388763
0,"(0,)","('x_1',)",-0.021410049870610237
8,"(1, 1, 1)","('x_2', 'x_2', 'x_2')",-0.007727544289082289
3,"(0, 1)","('x_1', 'x_2')",-0.0026066640857607126
