,TC Index,TC Variables,TC Value
6,"(0, 0, 1)","('x_1', 'x_1', 'x_2')",7.257503509521484
7,"(0, 1, 1)","('x_1', 'x_2', 'x_2')",7.234310626983643
5,"(0, 0, 0)","('x_1', 'x_1', 'x_1')",2.9827027320861816
8,"(1, 1, 1)","('x_2', 'x_2', 'x_2')",2.9181501865386963
3,"(0, 1)","('x_1', 'x_2')",1.1780709028244019
2,"(0, 0)","('x_1', 'x_1')",0.666469931602478
4,"(1, 1)","('x_2', 'x_2')",0.6613451838493347
1,"(1,)","('x_2',)",0.14668701589107513
0,"(0,)","('x_1',)",0.14630256593227386
