,TC Index,TC Variables,TC Value
7,"(0, 1, 1)","('x_1', 'x_2', 'x_2')",3.74086594581604
6,"(0, 0, 1)","('x_1', 'x_1', 'x_2')",2.6722705364227295
8,"(1, 1, 1)","('x_2', 'x_2', 'x_2')",1.9870524406433105
5,"(0, 0, 0)","('x_1', 'x_1', 'x_1')",0.695521354675293
3,"(0, 1)","('x_1', 'x_2')",0.5600483417510986
4,"(1, 1)","('x_2', 'x_2')",0.4323708415031433
2,"(0, 0)","('x_1', 'x_1')",0.21413138508796692
1,"(1,)","('x_2',)",0.10410597175359726
0,"(0,)","('x_1',)",0.06930658966302872
