,TC Index,TC Variables,TC Value
6,"(0, 0, 1)","('x_1', 'x_1', 'x_2')",3.5687472820281982
7,"(0, 1, 1)","('x_1', 'x_2', 'x_2')",2.4344797134399414
5,"(0, 0, 0)","('x_1', 'x_1', 'x_1')",1.9997414350509644
8,"(1, 1, 1)","('x_2', 'x_2', 'x_2')",0.6033622026443481
3,"(0, 1)","('x_1', 'x_2')",0.5280774235725403
2,"(0, 0)","('x_1', 'x_1')",0.4259066581726074
4,"(1, 1)","('x_2', 'x_2')",0.19310308992862701
0,"(0,)","('x_1',)",0.10282972455024719
1,"(1,)","('x_2',)",0.06592179089784622
