,TC Index,TC Variables,TC Value
6,"(0, 0, 1)","('x_1', 'x_1', 'x_2')",5.527925491333008
7,"(0, 1, 1)","('x_1', 'x_2', 'x_2')",5.501308917999268
5,"(0, 0, 0)","('x_1', 'x_1', 'x_1')",2.4783594608306885
8,"(1, 1, 1)","('x_2', 'x_2', 'x_2')",2.395345687866211
3,"(0, 1)","('x_1', 'x_2')",1.0238823890686035
2,"(0, 0)","('x_1', 'x_1')",0.5896954536437988
4,"(1, 1)","('x_2', 'x_2')",0.5829663276672363
0,"(0,)","('x_1',)",0.1427607536315918
1,"(1,)","('x_2',)",0.1424410045146942
